{"cameraMode":{"drawMode":0,"name":"Shaded","section":"Shading Mode"},"sceneLighting":true,"audioPlay":false,"sceneViewState":{"m_AlwaysRefresh":false,"showFog":true,"showSkybox":true,"showFlares":true,"showImageEffects":true,"showParticleSystems":true,"showVisualEffectGraphs":true,"m_FxEnabled":true},"in2DMode":false,"pivot":{"x":38.794918060302737,"y":-3.1858291625976564,"z":41.62281036376953},"rotation":{"x":-0.12474007904529572,"y":-0.5110648274421692,"z":0.07569694519042969,"w":-0.8472546935081482},"size":49.260494232177737,"orthographic":false}